{"inputUnits":[34],"outputUnits":10,"inputs":{"0":{"dtype":"number","min":-29.66351342108463,"max":596.3948786397852},"1":{"dtype":"number","min":-0.6564817910992247,"max":487.17804489432604},"2":{"dtype":"number","min":-22.900032013770673,"max":590.5627613587138},"3":{"dtype":"number","min":-8.33670649547058,"max":463.08332985013374},"4":{"dtype":"number","min":-9.30802400937804,"max":596.2281033408317},"5":{"dtype":"number","min":-4.3799549503549,"max":459.9680052285993},"6":{"dtype":"number","min":-17.419180665962426,"max":580.1004883287482},"7":{"dtype":"number","min":-9.513488650785803,"max":457.55349125843566},"8":{"dtype":"number","min":-17.76255210549915,"max":593.2033705061975},"9":{"dtype":"number","min":-3.4994726515001844,"max":459.81119237521284},"10":{"dtype":"number","min":-3.720856900345027,"max":636.8286405927013},"11":{"dtype":"number","min":7.194720910217043,"max":571.2458652837731},"12":{"dtype":"number","min":-6.160812081066087,"max":607.9296388143696},"13":{"dtype":"number","min":10.418779543865512,"max":545.0111110108372},"14":{"dtype":"number","min":16.005778628100682,"max":667.0354725878526},"15":{"dtype":"number","min":41.40551867652033,"max":586.76696302362},"16":{"dtype":"number","min":-30.518392718719603,"max":610.7376929850893},"17":{"dtype":"number","min":35.31526439384727,"max":556.4047993760165},"18":{"dtype":"number","min":1.4002143177077,"max":638.3989564175736},"19":{"dtype":"number","min":8.477301096637888,"max":551.5155498341363},"20":{"dtype":"number","min":-12.805171031432392,"max":587.4723394371656},"21":{"dtype":"number","min":9.433266012585122,"max":567.1254994433214},"22":{"dtype":"number","min":-8.8640009661129,"max":594.4681848904502},"23":{"dtype":"number","min":81.07329357458923,"max":572.6573875813169},"24":{"dtype":"number","min":-15.711890788393726,"max":601.189331173433},"25":{"dtype":"number","min":91.50054812895186,"max":581.2078002454706},"26":{"dtype":"number","min":-16.36323208938777,"max":605.4559664596379},"27":{"dtype":"number","min":181.91547675819248,"max":573.7566616191938},"28":{"dtype":"number","min":1.373946193591166,"max":589.7980864409807},"29":{"dtype":"number","min":182.58809130479392,"max":577.960361822106},"30":{"dtype":"number","min":-16.607721825981884,"max":617.4072075632296},"31":{"dtype":"number","min":222.70547948458778,"max":584.8269095216743},"32":{"dtype":"number","min":-12.857446336560676,"max":608.0487678023164},"33":{"dtype":"number","min":222.82989739444008,"max":591.4129306184643}},"outputs":{"0":{"dtype":"string","min":0,"max":1,"uniqueValues":["ustrasana","utkatasana","uttana shishoasana","utthita ashwa sanchalanasana","utthita parsavakonasana","utthita trikonasana","vajrasana","virabhadrasana 1","virabhadrasana 2","vriksasana"],"legend":{"ustrasana":[1,0,0,0,0,0,0,0,0,0],"utkatasana":[0,1,0,0,0,0,0,0,0,0],"uttana shishoasana":[0,0,1,0,0,0,0,0,0,0],"utthita ashwa sanchalanasana":[0,0,0,1,0,0,0,0,0,0],"utthita parsavakonasana":[0,0,0,0,1,0,0,0,0,0],"utthita trikonasana":[0,0,0,0,0,1,0,0,0,0],"vajrasana":[0,0,0,0,0,0,1,0,0,0],"virabhadrasana 1":[0,0,0,0,0,0,0,1,0,0],"virabhadrasana 2":[0,0,0,0,0,0,0,0,1,0],"vriksasana":[0,0,0,0,0,0,0,0,0,1]}}},"isNormalized":true}