{"inputUnits":[34],"outputUnits":3,"inputs":{"0":{"dtype":"number","min":146.38794064057942,"max":502.5460423569735},"1":{"dtype":"number","min":-1.6364792998198823,"max":182.52166866792317},"2":{"dtype":"number","min":169.15572645135427,"max":530.7813093727201},"3":{"dtype":"number","min":-19.131337919123908,"max":152.0667157006171},"4":{"dtype":"number","min":131.8107777161357,"max":497.50799156812377},"5":{"dtype":"number","min":-19.226792628663055,"max":152.94880195350498},"6":{"dtype":"number","min":218.70269894136067,"max":584.6580535057454},"7":{"dtype":"number","min":-16.27021878609861,"max":144.74280806367037},"8":{"dtype":"number","min":120.6891577160312,"max":485.4321870915157},"9":{"dtype":"number","min":-7.597825462252246,"max":147.67630966720878},"10":{"dtype":"number","min":265.04613735332566,"max":636.0081962852627},"11":{"dtype":"number","min":59.47718401363389,"max":266.8298826700055},"12":{"dtype":"number","min":102.73656347846243,"max":432.4365839976745},"13":{"dtype":"number","min":58.76252526902968,"max":261.0386022426739},"14":{"dtype":"number","min":344.9224236039336,"max":668.146718541008},"15":{"dtype":"number","min":89.26086782017572,"max":432.3725623936041},"16":{"dtype":"number","min":88.71221995075389,"max":361.811916484907},"17":{"dtype":"number","min":47.354999943002184,"max":431.2295235362962},"18":{"dtype":"number","min":408.57729900671814,"max":666.3749320776083},"19":{"dtype":"number","min":14.15448734268604,"max":520.1954288705314},"20":{"dtype":"number","min":88.01389464144577,"max":287.23784094190785},"21":{"dtype":"number","min":-35.61552292641962,"max":523.205001771682},"22":{"dtype":"number","min":282.04077100939327,"max":569.7662864121017},"23":{"dtype":"number","min":405.6536508998054,"max":527.6064600369345},"24":{"dtype":"number","min":155.23725576437866,"max":426.2349573276386},"25":{"dtype":"number","min":394.203001979724,"max":528.4692549056116},"26":{"dtype":"number","min":266.5807606737901,"max":559.9728567219894},"27":{"dtype":"number","min":557.6319619189904,"max":600.681019348857},"28":{"dtype":"number","min":146.80296189126338,"max":432.046433385708},"29":{"dtype":"number","min":535.1799967131262,"max":598.3919729982368},"30":{"dtype":"number","min":261.3999386798547,"max":570.3516503716257},"31":{"dtype":"number","min":509.3865129641522,"max":580.9550173273346},"32":{"dtype":"number","min":103.44449529388072,"max":444.77432547840164},"33":{"dtype":"number","min":492.8256284958658,"max":576.8719921780004}},"outputs":{"0":{"dtype":"string","min":0,"max":1,"uniqueValues":["d","a","w"],"legend":{"d":[1,0,0],"a":[0,1,0],"w":[0,0,1]}}},"isNormalized":true}